{"train_loss": [640.4933734130859, 187.27124430338543, 135.56830932617189, 121.05801350911459, 110.79284729003906], "train_recon": [616.8391784667969, 173.10911987304686, 123.3281841023763, 110.15513498942057, 101.2668819173177], "train_kl": [491.6983858235677, 534.5083276367187, 548.926337890625, 543.5805322265625, 528.2416739908854], "val_loss": [267.5716351960835, 153.72183789704977, 125.85181105764289, 111.57304020931846, 113.32105857447574], "val_recon": [239.27063309518914, 134.43191528320312, 110.30447749087685, 101.94082842375103, 102.74460320723684], "val_kl": [532.9020610608553, 531.1437634919819, 554.1926751387747, 535.4921907123767, 530.7490041632401], "learning_rates": [0.001, 0.001, 0.001, 0.001, 0.001], "betas": [0.40807550286657973, 0.6019588256100378, 0.7038656558639754, 0.7793491816714002, 0.8407266900407352]}