{"train_loss": [0.1886047875881195, 0.1544580052793026, 0.08912581205368042, 0.03518116198480129, 0.014920818293467164, 0.009405258037149906, 0.0070833122497424485, 0.005492561724968255, 0.003948201809544116, 0.002425172687508166, 0.0013249157601967455, 0.0007003801671089605, 0.00040598149760626254, 0.0002796956890961155, 0.0002195642824517563, 0.00018919352296506987, 0.00017149791223346254, 0.0001672934100497514, 0.00014701080857776105, 0.00013969546707812697], "val_loss": [0.17950107157230377, 0.12498811059273206, 0.05735498351546434, 0.020011046184943274, 0.010477370654161159, 0.007368962781933637, 0.005620642887571683, 0.004691437262898454, 0.002866166688573475, 0.001639392414989953, 0.0008799051731609955, 0.0004884121232092953, 0.000328711142244104, 0.00023773547526126585, 0.00019672029212905237, 0.00017277574695002002, 0.00015856859233910934, 0.00015252453830236426, 0.0001372423385663961, 0.00012872526489305668], "learning_rates": [0.001, 0.001, 0.001, 0.001, 0.001, 0.001, 0.001, 0.001, 0.001, 0.001, 0.001, 0.001, 0.001, 0.001, 0.001, 0.001, 0.001, 0.001, 0.001, 0.001]}