{"train_loss": [0.0635457999697968, 0.015792803579462143, 0.014076486761022152, 0.01351782124469783, 0.013233648165961634, 0.013047225177979753, 0.01295109040323714, 0.012880230048271168, 0.012808193776272335, 0.012738155932301551], "val_loss": [0.018346220824039645, 0.014760616432047553, 0.014221307407650683, 0.013671956837384237, 0.013287265991999043, 0.013443232560530306, 0.01322928005312052, 0.013193755798662702, 0.013038376630801294, 0.013122158927015133], "learning_rates": [0.001, 0.001, 0.001, 0.001, 0.001, 0.001, 0.001, 0.001, 0.001, 0.001]}